Iteration;Cumulative 1;Price 1
1;0;0
2;0,5;5
3;0,3333333333333333;5
4;0,25;5
5;0,2;5
6;0,16666666666666666;5
7;0,14285714285714285;5
8;0,125;5
9;0,1111111111111111;5
10;0,1;5
11;0,09090909090909091;5
12;0,08333333333333333;5
13;0,07692307692307693;5
14;0,07142857142857142;5
15;0,13333333333333333;10
16;0,125;10
17;0,11764705882352941;10
18;0,1111111111111111;10
19;0,15789473684210525;15
20;0,2;20
21;0,23809523809523808;25
22;0,22727272727272727;25
23;0,21739130434782608;25
24;0,20833333333333334;25
25;0,2;25
26;0,19230769230769232;25
27;0,18518518518518517;25
28;0,17857142857142858;25
29;0,1724137931034483;25
30;0,16666666666666666;25
31;0,1935483870967742;30
32;0,21875;35
33;0,21212121212121213;35
34;0,20588235294117646;35
35;0,22857142857142856;40
36;0,2222222222222222;40
37;0,21621621621621623;40
38;0,21052631578947367;40
39;0,23076923076923078;45
40;0,25;50
41;0,24390243902439024;50
42;0,23809523809523808;50
43;0,23255813953488372;50
44;0,22727272727272727;50
45;0,2222222222222222;50
46;0,21739130434782608;50
47;0,2127659574468085;50
48;0,20833333333333334;50
49;0,20408163265306123;50
50;0,2;50
51;0,19607843137254902;50
52;0,19230769230769232;50
53;0,20754716981132076;55
54;0,2037037037037037;55
55;0,21818181818181817;60
56;0,21428571428571427;60
57;0,21052631578947367;60
58;0,20689655172413793;60
59;0,2033898305084746;60
60;0,2;60
61;0,19672131147540983;60
62;0,20967741935483872;65
63;0,2222222222222222;70
64;0,21875;70
65;0,2153846153846154;70
66;0,21212121212121213;70
67;0,208955223880597;70
68;0,20588235294117646;70
69;0,21739130434782608;75
70;0,22857142857142856;80
71;0,22535211267605634;80
72;0,2361111111111111;85
73;0,2328767123287671;85
74;0,22972972972972974;85
75;0,22666666666666666;85
76;0,2236842105263158;85
77;0,22077922077922077;85
78;0,21794871794871795;85
79;0,21518987341772153;85
80;0,2125;85
81;0,20987654320987653;85
82;0,21951219512195122;90
83;0,2289156626506024;95
84;0,2261904761904762;95
85;0,2235294117647059;95
86;0,22093023255813954;95
87;0,21839080459770116;95
88;0,2159090909090909;95
89;0,21348314606741572;95
90;0,2111111111111111;95
91;0,21978021978021978;100
92;0,21739130434782608;100
93;0,22580645161290322;105
94;0,23404255319148937;110
95;0,23157894736842105;110
96;0,22916666666666666;110
97;0,2268041237113402;110
98;0,23469387755102042;115
99;0,23232323232323232;115
100;0,24;120
101;0,2376237623762376;120
102;0,23529411764705882;120
103;0,23300970873786409;120
104;0,23076923076923078;120
105;0,22857142857142856;120
106;0,22641509433962265;120
107;0,2336448598130841;125
108;0,23148148148148148;125
109;0,22935779816513763;125
110;0,22727272727272727;125
111;0,22522522522522523;125
112;0,22321428571428573;125
113;0,23008849557522124;130
114;0,22807017543859648;130
115;0,22608695652173913;130
116;0,22413793103448276;130
117;0,23076923076923078;135
118;0,2288135593220339;135
119;0,226890756302521;135
120;0,225;135
121;0,23140495867768596;140
122;0,22950819672131148;140
123;0,22764227642276422;140
124;0,22580645161290322;140
125;0,224;140
126;0,23015873015873015;145
127;0,2283464566929134;145
128;0,2265625;145
129;0,2248062015503876;145
130;0,2230769230769231;145
131;0,22900763358778625;150
132;0,22727272727272727;150
133;0,22556390977443608;150
134;0,22388059701492538;150
135;0,2222222222222222;150
136;0,22058823529411764;150
137;0,21897810218978103;150
138;0,21739130434782608;150
139;0,2158273381294964;150
140;0,21428571428571427;150
141;0,2127659574468085;150
142;0,2112676056338028;150
143;0,2097902097902098;150
144;0,20833333333333334;150
145;0,20689655172413793;150
146;0,21232876712328766;155
147;0,21768707482993196;160
148;0,21621621621621623;160
149;0,21476510067114093;160
150;0,21333333333333335;160
151;0,2119205298013245;160
152;0,21052631578947367;160
153;0,20915032679738563;160
154;0,21428571428571427;165
155;0,2129032258064516;165
156;0,21794871794871795;170
157;0,21656050955414013;170
158;0,21518987341772153;170
159;0,2138364779874214;170
160;0,2125;170
161;0,2111801242236025;170
162;0,20987654320987653;170
163;0,2085889570552147;170
164;0,2073170731707317;170
165;0,20606060606060606;170
166;0,20481927710843373;170
167;0,20359281437125748;170
168;0,20833333333333334;175
169;0,20710059171597633;175
170;0,20588235294117646;175
171;0,21052631578947367;180
172;0,20930232558139536;180
173;0,20809248554913296;180
174;0,20689655172413793;180
175;0,2057142857142857;180
176;0,20454545454545456;180
177;0,20903954802259886;185
178;0,20786516853932585;185
179;0,2122905027932961;190
180;0,2111111111111111;190
181;0,20994475138121546;190
182;0,21428571428571427;195
183;0,2185792349726776;200
184;0,21739130434782608;200
185;0,21621621621621623;200
186;0,21505376344086022;200
187;0,2192513368983957;205
188;0,21808510638297873;205
189;0,2222222222222222;210
190;0,22105263157894736;210
191;0,2198952879581152;210
192;0,21875;210
193;0,21761658031088082;210
194;0,21649484536082475;210
195;0,2153846153846154;210
196;0,2193877551020408;215
197;0,2233502538071066;220
198;0,22727272727272727;225
199;0,22613065326633167;225
200;0,225;225
201;0,22388059701492538;225
202;0,22277227722772278;225
203;0,22660098522167488;230
204;0,22549019607843138;230
205;0,22439024390243903;230
206;0,22330097087378642;230
207;0,2222222222222222;230
208;0,22596153846153846;235
209;0,22488038277511962;235
210;0,22380952380952382;235
211;0,22748815165876776;240
212;0,22641509433962265;240
213;0,2300469483568075;245
214;0,22897196261682243;245
215;0,23255813953488372;250
216;0,2361111111111111;255
217;0,2350230414746544;255
218;0,23853211009174313;260
219;0,2374429223744292;260
220;0,23636363636363636;260
221;0,23529411764705882;260
222;0,23423423423423423;260
223;0,23318385650224216;260
224;0,23214285714285715;260
225;0,2311111111111111;260
226;0,23008849557522124;260
227;0,2290748898678414;260
228;0,2324561403508772;265
229;0,2314410480349345;265
230;0,23478260869565218;270
231;0,23376623376623376;270
232;0,23275862068965517;270
233;0,2317596566523605;270
234;0,23076923076923078;270
235;0,23404255319148937;275
236;0,2330508474576271;275
237;0,2320675105485232;275
238;0,23529411764705882;280
239;0,23430962343096234;280
240;0,23333333333333334;280
241;0,23236514522821577;280
242;0,23140495867768596;280
243;0,23045267489711935;280
244;0,22950819672131148;280
245;0,23265306122448978;285
246;0,23170731707317074;285
247;0,23481781376518218;290
248;0,23790322580645162;295
249;0,24096385542168675;300
250;0,244;305
251;0,24701195219123506;310
252;0,24603174603174602;310
253;0,2450592885375494;310
254;0,2440944881889764;310
255;0,24313725490196078;310
256;0,2421875;310
257;0,24124513618677043;310
258;0,24031007751937986;310
259;0,23938223938223938;310
260;0,2423076923076923;315
261;0,2413793103448276;315
262;0,24045801526717558;315
263;0,23954372623574144;315
264;0,23863636363636365;315
265;0,23773584905660378;315
266;0,23684210526315788;315
267;0,23595505617977527;315
268;0,23880597014925373;320
269;0,2379182156133829;320
270;0,24074074074074073;325
271;0,23985239852398524;325
272;0,23897058823529413;325
273;0,23809523809523808;325
274;0,24087591240875914;330
275;0,24;330
276;0,2391304347826087;330
277;0,23826714801444043;330
278;0,23741007194244604;330
279;0,24014336917562723;335
280;0,24285714285714285;340
281;0,24555160142348753;345
282;0,24468085106382978;345
283;0,24381625441696114;345
284;0,24647887323943662;350
285;0,24912280701754386;355
286;0,24825174825174826;355
287;0,24738675958188153;355
288;0,2465277777777778;355
289;0,2491349480968858;360
290;0,2517241379310345;365
291;0,2508591065292096;365
292;0,25;365
293;0,24914675767918087;365
294;0,24829931972789115;365
295;0,25084745762711863;370
296;0,25;370
297;0,25252525252525254;375
298;0,2516778523489933;375
299;0,2508361204013378;375
300;0,25;375
301;0,24916943521594684;375
302;0,24834437086092714;375
303;0,2508250825082508;380
304;0,25;380
305;0,24918032786885247;380
306;0,24836601307189543;380
307;0,247557003257329;380
308;0,24675324675324675;380
309;0,2459546925566343;380
310;0,24516129032258063;380
311;0,24437299035369775;380
312;0,24358974358974358;380
313;0,24281150159744408;380
314;0,24203821656050956;380
315;0,24126984126984127;380
316;0,24050632911392406;380
317;0,24290220820189273;385
318;0,24213836477987422;385
319;0,2413793103448276;385
320;0,240625;385
321;0,2398753894080997;385
322;0,2391304347826087;385
323;0,23839009287925697;385
324;0,23765432098765432;385
325;0,23692307692307693;385
326;0,2361963190184049;385
327;0,23547400611620795;385
328;0,2347560975609756;385
329;0,23404255319148937;385
330;0,23333333333333334;385
331;0,2326283987915408;385
332;0,2319277108433735;385
333;0,23123123123123124;385
334;0,23053892215568864;385
335;0,2298507462686567;385
336;0,22916666666666666;385
337;0,2314540059347181;390
338;0,23076923076923078;390
339;0,23303834808259588;395
340;0,23529411764705882;400
341;0,23460410557184752;400
342;0,23391812865497075;400
343;0,23615160349854228;405
344;0,23546511627906977;405
345;0,23478260869565218;405
346;0,23410404624277456;405
347;0,2334293948126801;405
348;0,23275862068965517;405
349;0,23209169054441262;405
350;0,23142857142857143;405
351;0,23076923076923078;405
352;0,23011363636363635;405
353;0,22946175637393768;405
354;0,2288135593220339;405
355;0,22816901408450704;405
356;0,22752808988764045;405
357;0,22969187675070027;410
358;0,22905027932960895;410
359;0,22841225626740946;410
360;0,22777777777777777;410
361;0,2299168975069252;415
362;0,2292817679558011;415
363;0,22865013774104684;415
364;0,22802197802197802;415
365;0,2273972602739726;415
366;0,226775956284153;415
367;0,22615803814713897;415
368;0,22554347826086957;415
369;0,22493224932249323;415
370;0,22432432432432434;415
371;0,22371967654986524;415
372;0,22311827956989247;415
373;0,2225201072386059;415
374;0,22192513368983957;415
375;0,224;420
376;0,22340425531914893;420
377;0,22281167108753316;420
378;0,2222222222222222;420
379;0,22163588390501318;420
380;0,22105263157894736;420
381;0,2204724409448819;420
382;0,22251308900523561;425
383;0,22193211488250653;425
384;0,22395833333333334;430
385;0,22337662337662337;430
386;0,22279792746113988;430
387;0,2222222222222222;430
388;0,22422680412371135;435
389;0,2236503856041131;435
390;0,22564102564102564;440
391;0,22506393861892582;440
392;0,22448979591836735;440
393;0,22391857506361323;440
394;0,2233502538071066;440
395;0,22531645569620254;445
396;0,22727272727272727;450
397;0,22670025188916876;450
398;0,22613065326633167;450
399;0,22556390977443608;450
400;0,225;450
401;0,22443890274314215;450
402;0,22388059701492538;450
403;0,22332506203473945;450
404;0,22277227722772278;450
405;0,2222222222222222;450
406;0,22413793103448276;455
407;0,22358722358722358;455
408;0,22549019607843138;460
409;0,22493887530562348;460
410;0,22439024390243903;460
411;0,22627737226277372;465
412;0,22572815533980584;465
413;0,22518159806295399;465
414;0,2246376811594203;465
415;0,22409638554216868;465
416;0,22596153846153846;470
417;0,22541966426858512;470
418;0,22488038277511962;470
419;0,2243436754176611;470
420;0,22380952380952382;470
421;0,22327790973871733;470
422;0,22274881516587677;470
423;0,2222222222222222;470
424;0,2240566037735849;475
425;0,2235294117647059;475
426;0,22300469483568075;475
427;0,2224824355971897;475
428;0,2219626168224299;475
429;0,22144522144522144;475
430;0,22093023255813954;475
431;0,22041763341067286;475
432;0,2222222222222222;480
433;0,22170900692840648;480
434;0,22119815668202766;480
435;0,2206896551724138;480
436;0,22018348623853212;480
437;0,21967963386727687;480
438;0,2191780821917808;480
439;0,21867881548974943;480
440;0,22045454545454546;485
441;0,2222222222222222;490
442;0,2239819004524887;495
443;0,2234762979683973;495
444;0,22297297297297297;495
445;0,22247191011235956;495
446;0,2219730941704036;495
447;0,2214765100671141;495
448;0,22321428571428573;500
449;0,22494432071269488;505
450;0,22666666666666666;510
451;0,2261640798226164;510
452;0,22566371681415928;510
453;0,2251655629139073;510
454;0,22687224669603523;515
455;0,22637362637362637;515
456;0,22587719298245615;515
457;0,22538293216630198;515
458;0,22707423580786026;520
459;0,22657952069716775;520
460;0,22608695652173913;520
461;0,227765726681128;525
462;0,22727272727272727;525
463;0,2267818574514039;525
464;0,22629310344827586;525
465;0,22580645161290322;525
466;0,22532188841201717;525
467;0,22698072805139186;530
468;0,2264957264957265;530
469;0,2281449893390192;535
470;0,2276595744680851;535
471;0,22929936305732485;540
472;0,2309322033898305;545
473;0,23044397463002114;545
474;0,229957805907173;545
475;0,2294736842105263;545
476;0,23109243697478993;550
477;0,23060796645702306;550
478;0,23221757322175732;555
479;0,23173277661795408;555
480;0,23125;555
481;0,23284823284823286;560
482;0,23236514522821577;560
483;0,2318840579710145;560
484;0,23140495867768596;560
485;0,2329896907216495;565
486;0,23251028806584362;565
487;0,23203285420944558;565
488;0,23155737704918034;565
489;0,2331288343558282;570
490;0,23265306122448978;570
491;0,23217922606924643;570
492;0,23170731707317074;570
493;0,23123732251521298;570
494;0,23076923076923078;570
495;0,23232323232323232;575
496;0,2318548387096774;575
497;0,23138832997987926;575
498;0,23092369477911648;575
499;0,23046092184368738;575
500;0,23;575
501;0,22954091816367264;575
502;0,2290836653386454;575
503;0,2286282306163022;575
504;0,22817460317460317;575
505;0,22772277227722773;575
506;0,22924901185770752;580
507;0,22879684418145957;580
508;0,23031496062992127;585
509;0,22986247544204322;585
510;0,22941176470588234;585
511;0,22896281800391388;585
512;0,228515625;585
513;0,22807017543859648;585
514;0,22762645914396887;585
515;0,229126213592233;590
516;0,22868217054263565;590
517;0,22823984526112184;590
518;0,22972972972972974;595
519;0,22928709055876687;595
520;0,22884615384615384;595
521;0,23032629558541268;600
522;0,22988505747126436;600
523;0,2294455066921606;600
524;0,23091603053435114;605
525;0,23047619047619047;605
526;0,23193916349809887;610
527;0,2314990512333966;610
528;0,23106060606060605;610
529;0,23251417769376181;615
530;0,2320754716981132;615
531;0,2335216572504708;620
532;0,23308270676691728;620
533;0,2326454033771107;620
534;0,23220973782771537;620
535;0,23177570093457944;620
536;0,23134328358208955;620
537;0,23277467411545624;625
538;0,23234200743494424;625
539;0,23376623376623376;630
540;0,23333333333333334;630
541;0,23290203327171904;630
542;0,23247232472324722;630
543;0,23204419889502761;630
544;0,23161764705882354;630
545;0,23119266055045873;630
546;0,23076923076923078;630
547;0,23217550274223034;635
548;0,23175182481751824;635
549;0,23132969034608378;635
550;0,2309090909090909;635
551;0,2323049001814882;640
552;0,2318840579710145;640
553;0,2332730560578662;645
554;0,2328519855595668;645
555;0,23243243243243245;645
556;0,23381294964028776;650
557;0,2333931777378815;650
558;0,23297491039426524;650
559;0,23255813953488372;650
560;0,23214285714285715;650
561;0,23351158645276293;655
562;0,23309608540925267;655
563;0,2344582593250444;660
564;0,23404255319148937;660
565;0,23539823008849559;665
566;0,23498233215547704;665
567;0,2345679012345679;665
568;0,23415492957746478;665
569;0,23374340949033393;665
570;0,23333333333333334;665
571;0,2329246935201401;665
572;0,23251748251748253;665
573;0,23211169284467714;665
574;0,23170731707317074;665
575;0,23130434782608697;665
576;0,2309027777777778;665
577;0,23050259965337955;665
578;0,2301038062283737;665
579;0,229706390328152;665
580;0,2293103448275862;665
581;0,2289156626506024;665
582;0,22852233676975944;665
583;0,22984562607204118;670
584;0,22945205479452055;670
585;0,22905982905982905;670
586;0,22866894197952217;670
587;0,2282793867120954;670
588;0,22959183673469388;675
589;0,22920203735144312;675
590;0,2288135593220339;675
591;0,22842639593908629;675
592;0,22804054054054054;675
593;0,22765598650927488;675
594;0,22895622895622897;680
595;0,22857142857142856;680
596;0,22986577181208054;685
597;0,22948073701842547;685
598;0,22909698996655517;685
599;0,2303839732888147;690
600;0,23166666666666666;695
601;0,23128119800332778;695
602;0,23089700996677742;695
603;0,23051409618573798;695
604;0,23013245033112584;695
605;0,22975206611570248;695
606;0,22937293729372937;695
607;0,22899505766062603;695
608;0,22861842105263158;695
609;0,22824302134646962;695
610;0,22950819672131148;700
611;0,22913256955810146;700
612;0,22875816993464052;700
613;0,22838499184339314;700
614;0,2280130293159609;700
615;0,22764227642276422;700
616;0,22727272727272727;700
617;0,22690437601296595;700
618;0,22815533980582525;705
619;0,22778675282714056;705
620;0,22741935483870968;705
621;0,2286634460547504;710
622;0,2282958199356913;710
623;0,22792937399678972;710
624;0,22756410256410256;710
625;0,2272;710
626;0,2268370607028754;710
627;0,22647527910685805;710
628;0,22611464968152867;710
629;0,22575516693163752;710
630;0,2253968253968254;710
631;0,22503961965134706;710
632;0,22468354430379747;710
633;0,22432859399684044;710
634;0,22397476340694006;710
635;0,2251968503937008;715
636;0,2248427672955975;715
637;0,22448979591836735;715
638;0,22413793103448276;715
639;0,2237871674491393;715
640;0,2234375;715
641;0,22308892355694226;715
642;0,22274143302180685;715
643;0,2223950233281493;715
644;0,2236024844720497;720
645;0,22325581395348837;720
646;0,22445820433436534;725
647;0,22565687789799072;730
648;0,22685185185185186;735
649;0,22650231124807396;735
650;0,2276923076923077;740
651;0,22734254992319508;740
652;0,22699386503067484;740
653;0,22664624808575803;740
654;0,22629969418960244;740
655;0,22595419847328244;740
656;0,22560975609756098;740
657;0,2267884322678843;745
658;0,22796352583586627;750
659;0,2276176024279211;750
660;0,22727272727272727;750
661;0,22692889561270801;750
662;0,2280966767371601;755
663;0,2277526395173454;755
664;0,2289156626506024;760
665;0,22857142857142856;760
666;0,22822822822822822;760
667;0,22788605697151423;760
668;0,2275449101796407;760
669;0,22720478325859492;760
670;0,22686567164179106;760
671;0,22652757078986588;760
672;0,2261904761904762;760
673;0,22585438335809807;760
674;0,22551928783382788;760
675;0,22518518518518518;760
676;0,22633136094674555;765
677;0,2259970457902511;765
678;0,22566371681415928;765
679;0,22533136966126657;765
680;0,225;765
681;0,22466960352422907;765
682;0,22434017595307917;765
683;0,2240117130307467;765
684;0,2236842105263158;765
685;0,22481751824817517;770
686;0,22448979591836735;770
687;0,22416302765647744;770
688;0,22529069767441862;775
689;0,22496371552975328;775
690;0,2246376811594203;775
691;0,22431259044862517;775
692;0,2239884393063584;775
693;0,22510822510822512;780
694;0,22478386167146974;780
695;0,22446043165467625;780
696;0,22413793103448276;780
697;0,22381635581061693;780
698;0,22492836676217765;785
699;0,2246065808297568;785
700;0,22428571428571428;785
701;0,2239657631954351;785
702;0,22507122507122507;790
703;0,22617354196301565;795
704;0,22585227272727273;795
705;0,225531914893617;795
706;0,22521246458923513;795
707;0,2263083451202263;800
708;0,2274011299435028;805
709;0,22708039492242596;805
710;0,2267605633802817;805
711;0,22644163150492264;805
712;0,22752808988764045;810
713;0,22861150070126227;815
714;0,22829131652661064;815
715;0,22937062937062938;820
716;0,22905027932960895;820
717;0,22873082287308227;820
718;0,2298050139275766;825
719;0,22948539638386647;825
720;0,22916666666666666;825
721;0,2302357836338419;830
722;0,2299168975069252;830
723;0,22959889349930843;830
724;0,2292817679558011;830
725;0,2289655172413793;830
726;0,22865013774104684;830
727;0,22833562585969738;830
728;0,22802197802197802;830
729;0,22770919067215364;830
730;0,2273972602739726;830
731;0,2270861833105335;830
732;0,226775956284153;830
733;0,22646657571623466;830
734;0,22752043596730245;835
735;0,2272108843537415;835
736;0,2269021739130435;835
737;0,2265943012211669;835
738;0,22628726287262874;835
739;0,2259810554803789;835
740;0,22702702702702704;840
741;0,22672064777327935;840
742;0,22641509433962265;840
743;0,22611036339165544;840
744;0,22580645161290322;840
745;0,22684563758389262;845
746;0,22788203753351208;850
747;0,2289156626506024;855
748;0,2286096256684492;855
749;0,22830440587449932;855
750;0,228;855
751;0,22769640479360853;855
752;0,22872340425531915;860
753;0,22841965471447542;860
754;0,22811671087533156;860
755;0,22781456953642384;860
756;0,22883597883597884;865
757;0,22985468956406868;870
758;0,22955145118733508;870
759;0,22924901185770752;870
760;0,22894736842105262;870
761;0,22864651773981604;870
762;0,22965879265091863;875
763;0,22935779816513763;875
764;0,22905759162303665;875
765;0,22875816993464052;875
766;0,2297650130548303;880
767;0,23076923076923078;885
768;0,23046875;885
769;0,23146944083224968;890
770;0,23246753246753246;895
771;0,23216601815823606;895
772;0,23316062176165803;900
773;0,23285899094437257;900
774;0,23255813953488372;900
775;0,23225806451612904;900
776;0,23195876288659795;900
777;0,23294723294723294;905
778;0,2326478149100257;905
779;0,23234916559691912;905
780;0,23205128205128206;905
781;0,23175416133162613;905
782;0,23145780051150894;905
783;0,23116219667943805;905
784;0,23214285714285715;910
785;0,2318471337579618;910
786;0,23282442748091603;915
787;0,2337992376111817;920
788;0,23477157360406092;925
789;0,23447401774397972;925
790;0,23417721518987342;925
791;0,23514538558786346;930
792;0,2361111111111111;935
793;0,23581336696090793;935
794;0,23551637279596976;935
795;0,23522012578616353;935
796;0,23492462311557788;935
797;0,23588456712672523;940
798;0,23558897243107768;940
799;0,23529411764705882;940
800;0,235;940
801;0,23595505617977527;945
802;0,23566084788029926;945
803;0,23661270236612703;950
804;0,236318407960199;950
805;0,2360248447204969;950
806;0,23573200992555832;950
807;0,23543990086741015;950
808;0,23514851485148514;950
809;0,23485784919653893;950
810;0,23580246913580247;955
811;0,23551171393341552;955
812;0,23522167487684728;955
813;0,23493234932349324;955
814;0,23587223587223588;960
815;0,23558282208588957;960
816;0,23529411764705882;960
817;0,2350061199510404;960
818;0,23471882640586797;960
819;0,23565323565323565;965
820;0,23658536585365852;970
821;0,23629719853836784;970
822;0,2360097323600973;970
823;0,23572296476306198;970
824;0,2354368932038835;970
825;0,23636363636363636;975
826;0,2360774818401937;975
827;0,23579201934703747;975
828;0,23550724637681159;975
829;0,23522316043425814;975
830;0,23493975903614459;975
831;0,23465703971119134;975
832;0,23557692307692307;980
833;0,23529411764705882;980
834;0,23501199040767387;980
835;0,2347305389221557;980
836;0,23444976076555024;980
837;0,23416965352449223;980
838;0,2350835322195704;985
839;0,2359952324195471;990
840;0,2357142857142857;990
841;0,23543400713436385;990
842;0,23634204275534443;995
843;0,23606168446026096;995
844;0,235781990521327;995
845;0,23550295857988165;995
846;0,23522458628841608;995
847;0,2361275088547816;1000
848;0,23702830188679244;1005
849;0,23674911660777384;1005
850;0,23647058823529413;1005
851;0,23619271445358403;1005
852;0,23591549295774647;1005
853;0,23563892145369286;1005
854;0,23536299765807964;1005
855;0,23508771929824562;1005
856;0,23481308411214954;1005
857;0,23570595099183198;1010
858;0,23543123543123542;1010
859;0,2351571594877765;1010
860;0,23488372093023255;1010
861;0,23577235772357724;1015
862;0,23665893271461716;1020
863;0,23638470451911936;1020
864;0,2361111111111111;1020
865;0,23583815028901733;1020
866;0,23556581986143188;1020
867;0,23529411764705882;1020
868;0,2350230414746544;1020
869;0,23475258918296893;1020
870;0,23448275862068965;1020
871;0,23421354764638347;1020
872;0,23509174311926606;1025
873;0,23596792668957617;1030
874;0,23569794050343248;1030
875;0,23657142857142857;1035
876;0,2363013698630137;1035
877;0,23603192702394526;1035
878;0,23690205011389523;1040
879;0,2366325369738339;1040
880;0,23636363636363636;1040
881;0,23723041997729852;1045
882;0,23696145124716553;1045
883;0,23669309173272934;1045
884;0,23642533936651583;1045
885;0,23615819209039549;1045
886;0,23589164785553046;1045
887;0,23675310033821872;1050
888;0,23648648648648649;1050
889;0,23622047244094488;1050
890;0,23595505617977527;1050
891;0,23681257014590348;1055
892;0,2365470852017937;1055
893;0,23628219484882418;1055
894;0,2360178970917226;1055
895;0,23575418994413408;1055
896;0,23549107142857142;1055
897;0,23634336677814938;1060
898;0,23608017817371937;1060
899;0,23581757508342602;1060
900;0,23555555555555555;1060
901;0,23529411764705882;1060
902;0,23503325942350334;1060
903;0,23588039867109634;1065
904;0,23561946902654868;1065
905;0,23535911602209944;1065
906;0,23509933774834438;1065
907;0,23594266813671444;1070
908;0,2356828193832599;1070
909;0,23542354235423543;1070
910;0,23516483516483516;1070
911;0,2349066959385291;1070
912;0,23464912280701755;1070
913;0,23548740416210295;1075
914;0,2363238512035011;1080
915;0,2371584699453552;1085
916;0,23799126637554585;1090
917;0,23773173391494;1090
918;0,2374727668845316;1090
919;0,23721436343852012;1090
920;0,23695652173913043;1090
921;0,23669923995656894;1090
922;0,23752711496746204;1095
923;0,2372697724810401;1095
924;0,237012987012987;1095
925;0,23783783783783785;1100
926;0,2386609071274298;1105
927;0,238403451995685;1105
928;0,23814655172413793;1105
929;0,2378902045209903;1105
930;0,23763440860215054;1105
931;0,23737916219119226;1105
932;0,23819742489270387;1110
933;0,2379421221864952;1110
934;0,23768736616702354;1110
935;0,2374331550802139;1110
936;0,23717948717948717;1110
937;0,23799359658484526;1115
938;0,23773987206823027;1115
939;0,2374866879659212;1115
940;0,2372340425531915;1115
941;0,23698193411264612;1115
942;0,2367303609341826;1115
943;0,23647932131495228;1115
944;0,23622881355932204;1115
945;0,23597883597883598;1115
946;0,2357293868921776;1115
947;0,235480464625132;1115
948;0,23523206751054854;1115
949;0,23498419388830347;1115
950;0,23578947368421052;1120
951;0,23554153522607782;1120
952;0,23529411764705882;1120
953;0,23504721930745015;1120
954;0,2348008385744235;1120
955;0,23455497382198953;1120
956;0,23430962343096234;1120
957;0,23406478578892373;1120
958;0,23382045929018788;1120
959;0,2346193952033368;1125
960;0,234375;1125
961;0,23413111342351717;1125
962;0,2338877338877339;1125
963;0,2336448598130841;1125
964;0,23340248962655602;1125
965;0,23316062176165803;1125
966;0,2329192546583851;1125
967;0,23371251292657705;1130
968;0,23450413223140495;1135
969;0,23426212590299278;1135
970;0,23402061855670103;1135
971;0,23480947476828012;1140
972;0,2345679012345679;1140
973;0,2343268242548818;1140
974;0,23408624229979466;1140
975;0,23487179487179488;1145
976;0,2346311475409836;1145
977;0,23439099283520984;1145
978;0,23415132924335377;1145
979;0,23391215526046988;1145
980;0,2336734693877551;1145
981;0,23343527013251783;1145
982;0,23319755600814665;1145
983;0,23296032553407936;1145
984;0,23272357723577236;1145
985;0,233502538071066;1150
986;0,2332657200811359;1150
987;0,23302938196555217;1150
988;0,23279352226720648;1150
989;0,23255813953488372;1150
990;0,23232323232323232;1150
991;0,23208879919273462;1150
992;0,23286290322580644;1155
993;0,2326283987915408;1155
994;0,23340040241448692;1160
995;0,23316582914572864;1160
996;0,23293172690763053;1160
997;0,23269809428284854;1160
998;0,23346693386773548;1165
999;0,23423423423423423;1170
1000;0,234;1170
1001;0,23376623376623376;1170
1002;0,23353293413173654;1170
1003;0,2333000997008973;1170
1004;0,23306772908366533;1170
1005;0,23283582089552238;1170
1006;0,23260437375745527;1170
1007;0,2323733862959285;1170
1008;0,23214285714285715;1170
1009;0,23290386521308226;1175
1010;0,23267326732673269;1175
1011;0,2334322453016815;1180
1012;0,233201581027668;1180
1013;0,23297137216189537;1180
1014;0,23274161735700197;1180
1015;0,23251231527093597;1180
1016;0,23326771653543307;1185
1017;0,23303834808259588;1185
1018;0,23280943025540274;1185
1019;0,2325809617271835;1185
1020;0,2323529411764706;1185
1021;0,23310479921645447;1190
1022;0,2328767123287671;1190
1023;0,23264907135874877;1190
1024;0,2333984375;1195
1025;0,23317073170731709;1195
1026;0,23294346978557504;1195
1027;0,23271665043816941;1195
1028;0,23249027237354086;1195
1029;0,23226433430515064;1195
1030;0,2320388349514563;1195
1031;0,2318137730358875;1195
1032;0,2315891472868217;1195
1033;0,2313649564375605;1195
1034;0,2311411992263056;1195
1035;0,2318840579710145;1200
1036;0,23262548262548263;1205
1037;0,23240115718418514;1205
1038;0,2321772639691715;1205
1039;0,23195380173243504;1205
1040;0,23173076923076924;1205
1041;0,23150816522574447;1205
1042;0,23128598848368523;1205
1043;0,23202301054650049;1210
1044;0,23275862068965517;1215
1045;0,23253588516746412;1215
1046;0,2323135755258126;1215
1047;0,23304680038204392;1220
1048;0,23377862595419846;1225
1049;0,23355576739752146;1225
1050;0,23333333333333334;1225
1051;0,2340627973358706;1230
1052;0,2338403041825095;1230
1053;0,2345679012345679;1235
1054;0,23529411764705882;1240
1055;0,23507109004739338;1240
1056;0,23484848484848486;1240
1057;0,2346263008514664;1240
1058;0,23440453686200377;1240
1059;0,23418319169027385;1240
1060;0,2339622641509434;1240
1061;0,23468426013195098;1245
1062;0,2344632768361582;1245
1063;0,23424270931326435;1245
1064;0,23402255639097744;1245
1065;0,23380281690140844;1245
1066;0,23358348968105067;1245
1067;0,23430178069353327;1250
1068;0,2340823970037453;1250
1069;0,23386342376052385;1250
1070;0,2336448598130841;1250
1071;0,2334267040149393;1250
1072;0,2332089552238806;1250
1073;0,23299161230195714;1250
1074;0,23370577281191807;1255
1075;0,23348837209302326;1255
1076;0,2342007434944238;1260
1077;0,233983286908078;1260
1078;0,23376623376623376;1260
1079;0,2344763670064875;1265
1080;0,23425925925925925;1265
1081;0,23496762257169287;1270
1082;0,23475046210720887;1270
1083;0,234533702677747;1270
1084;0,23431734317343172;1270
1085;0,23410138248847925;1270
1086;0,23388581952117865;1270
1087;0,23459061637534498;1275
1088;0,234375;1275
1089;0,23507805325987144;1280
1090;0,23486238532110093;1280
1091;0,23464711274060496;1280
1092;0,23443223443223443;1280
1093;0,2342177493138152;1280
1094;0,2340036563071298;1280
1095;0,23470319634703196;1285
1096;0,2354014598540146;1290
1097;0,23518687329079307;1290
1098;0,23497267759562843;1290
1099;0,2356687898089172;1295
1100;0,23545454545454544;1295
1101;0,23524069028156222;1295
1102;0,23502722323049002;1295
1103;0,23481414324569355;1295
1104;0,2346014492753623;1295
1105;0,2343891402714932;1295
1106;0,23417721518987342;1295
1107;0,23396567299006324;1295
1108;0,23375451263537905;1295
1109;0,23354373309287646;1295
1110;0,23333333333333334;1295
1111;0,23312331233123312;1295
1112;0,2329136690647482;1295
1113;0,23270440251572327;1295
1114;0,2324955116696589;1295
1115;0,23228699551569507;1295
1116;0,23297491039426524;1300
1117;0,23276633840644584;1300
1118;0,23255813953488372;1300
1119;0,2323503127792672;1300
1120;0,23214285714285715;1300
1121;0,2328278322925959;1305
1122;0,232620320855615;1305
1123;0,23241317898486197;1305
1124;0,23220640569395018;1305
1125;0,232;1305
1126;0,23268206039076378;1310
1127;0,23247559893522626;1310
1128;0,2322695035460993;1310
1129;0,2320637732506643;1310
1130;0,23185840707964603;1310
1131;0,23253757736516356;1315
1132;0,23233215547703182;1315
1133;0,2321270962047661;1315
1134;0,23192239858906524;1315
1135;0,23259911894273128;1320
1136;0,2323943661971831;1320
1137;0,23218997361477572;1320
1138;0,23198594024604569;1320
1139;0,2317822651448639;1320
1140;0,23157894736842105;1320
1141;0,23137598597721298;1320
1142;0,23117338003502627;1320
1143;0,23184601924759404;1325
1144;0,23251748251748253;1330
1145;0,23231441048034934;1330
1146;0,23211169284467714;1330
1147;0,23190932868352224;1330
1148;0,23170731707317074;1330
1149;0,23237597911227154;1335
1150;0,23217391304347826;1335
1151;0,23284100781928757;1340
1152;0,2326388888888889;1340
1153;0,23243712055507373;1340
1154;0,2322357019064125;1340
1155;0,23203463203463204;1340
1156;0,23183391003460208;1340
1157;0,23163353500432152;1340
1158;0,231433506044905;1340
1159;0,23123382226056946;1340
1160;0,23103448275862068;1340
1161;0,23083548664944015;1340
1162;0,2306368330464716;1340
1163;0,23043852106620807;1340
1164;0,23024054982817868;1340
1165;0,23004291845493563;1340
1166;0,2307032590051458;1345
1167;0,23136246786632392;1350
1168;0,23116438356164384;1350
1169;0,23182207014542344;1355
1170;0,23247863247863249;1360
1171;0,233134073441503;1365
1172;0,23378839590443687;1370
1173;0,23358908780903667;1370
1174;0,23339011925042588;1370
1175;0,23319148936170211;1370
1176;0,23299319727891157;1370
1177;0,2336448598130841;1375
1178;0,233446519524618;1375
1179;0,23324851569126379;1375
1180;0,2330508474576271;1375
1181;0,23285351397121085;1375
1182;0,233502538071066;1380
1183;0,23330515638207946;1380
1184;0,23310810810810811;1380
1185;0,23375527426160336;1385
1186;0,23355817875210794;1385
1187;0,2333614153327717;1385
1188;0,234006734006734;1390
1189;0,23465096719932715;1395
1190;0,23445378151260504;1395
1191;0,23425692695214106;1395
1192;0,2348993288590604;1400
1193;0,2347024308466052;1400
1194;0,23450586264656617;1400
1195;0,23430962343096234;1400
1196;0,23411371237458195;1400
1197;0,23391812865497075;1400
1198;0,2345575959933222;1405
1199;0,23436196830692244;1405
1200;0,23416666666666666;1405
1201;0,23397169025811823;1405
1202;0,23377703826955074;1405
1203;0,23358270989193683;1405
1204;0,23338870431893688;1405
1205;0,23319502074688797;1405
1206;0,2330016583747927;1405
1207;0,2328086164043082;1405
1208;0,2326158940397351;1405
1209;0,23242349048800662;1405
1210;0,2322314049586777;1405
1211;0,23286540049545829;1410
1212;0,23267326732673269;1410
1213;0,23248145094806266;1410
1214;0,23228995057660626;1410
1215;0,23209876543209876;1410
1216;0,23190789473684212;1410
1217;0,23171733771569433;1410
1218;0,2315270935960591;1410
1219;0,2321575061525841;1415
1220;0,2319672131147541;1415
1221;0,23177723177723178;1415
1222;0,23158756137479541;1415
1223;0,23221586263287;1420
1224;0,23202614379084968;1420
1225;0,23183673469387756;1420
1226;0,23164763458401305;1420
1227;0,23145884270578648;1420
1228;0,23127035830618892;1420
1229;0,23108218063466232;1420
1230;0,23089430894308943;1420
1231;0,2307067424857839;1420
1232;0,2305194805194805;1420
1233;0,2303325223033252;1420
1234;0,23095623987034036;1425
1235;0,23157894736842105;1430
1236;0,2313915857605178;1430
1237;0,23120452708164915;1430
1238;0,2310177705977383;1430
1239;0,23083131557707828;1430
1240;0,2306451612903226;1430
1241;0,23126510878323933;1435
1242;0,23107890499194847;1435
1243;0,23089300080450523;1435
1244;0,23070739549839228;1435
1245;0,23052208835341365;1435
1246;0,2303370786516854;1435
1247;0,2309542902967121;1440
1248;0,23076923076923078;1440
1249;0,23138510808646917;1445
1250;0,2312;1445
1251;0,23181454836131096;1450
1252;0,23162939297124602;1450
1253;0,23144453312051078;1450
1254;0,23205741626794257;1455
1255;0,23187250996015937;1455
1256;0,23168789808917198;1455
1257;0,2315035799522673;1455
1258;0,23211446740858505;1460
1259;0,23193010325655283;1460
1260;0,23174603174603176;1460
1261;0,232355273592387;1465
1262;0,23217115689381934;1465
1263;0,23198733174980204;1465
1264;0,23180379746835442;1465
1265;0,2316205533596838;1465
1266;0,23143759873617695;1465
1267;0,23125493291239146;1465
1268;0,23186119873817035;1470
1269;0,23167848699763594;1470
1270;0,231496062992126;1470
1271;0,23131392604248624;1470
1272;0,23113207547169812;1470
1273;0,23095051060487037;1470
1274;0,23076923076923078;1470
1275;0,23058823529411765;1470
1276;0,2304075235109718;1470
1277;0,23022709475332812;1470
1278;0,2300469483568075;1470
1279;0,22986708365910868;1470
1280;0,2296875;1470
1281;0,22950819672131148;1470
1282;0,22932917316692666;1470
1283;0,22915042868277474;1470
1284;0,22897196261682243;1470
1285;0,22957198443579765;1475
1286;0,22939346811819597;1475
1287;0,22999222999222999;1480
1288;0,22981366459627328;1480
1289;0,22963537626066718;1480
1290;0,22945736434108527;1480
1291;0,2300542215336948;1485
1292;0,22987616099071206;1485
1293;0,2296983758700696;1485
1294;0,22952086553323028;1485
1295;0,22934362934362934;1485
1296;0,22916666666666666;1485
1297;0,22976098689282962;1490
1298;0,2295839753466872;1490
1299;0,2294072363356428;1490
1300;0,22923076923076924;1490
1301;0,22905457340507301;1490
1302;0,22964669738863286;1495
1303;0,22947045280122794;1495
1304;0,22929447852760737;1495
1305;0,22911877394636015;1495
1306;0,22894333843797857;1495
1307;0,22953328232593725;1500
1308;0,22935779816513763;1500
1309;0,22918258212375858;1500
1310;0,22900763358778625;1500
1311;0,2288329519450801;1500
1312;0,22865853658536586;1500
1313;0,2284843869002285;1500
1314;0,228310502283105;1500
1315;0,22813688212927757;1500
1316;0,22796352583586627;1500
1317;0,22854973424449507;1505
1318;0,2283763277693475;1505
1319;0,22820318423047764;1505
1320;0,22803030303030303;1505
1321;0,22785768357305072;1505
1322;0,22768532526475038;1505
1323;0,2275132275132275;1505
1324;0,22734138972809667;1505
1325;0,22716981132075473;1505
1326;0,22699849170437406;1505
1327;0,22682743029389602;1505
1328;0,22665662650602408;1505
1329;0,22648607975921745;1505
1330;0,22706766917293233;1510
1331;0,22689706987227648;1510
1332;0,22672672672672672;1510
1333;0,22655663915978994;1510
1334;0,22713643178410794;1515
1335;0,22696629213483147;1515
1336;0,22679640718562874;1515
1337;0,22662677636499626;1515
1338;0,22720478325859492;1520
1339;0,22778192681105303;1525
1340;0,22761194029850745;1525
1341;0,22744220730797912;1525
1342;0,22727272727272727;1525
1343;0,22710349962769918;1525
1344;0,2269345238095238;1525
1345;0,22676579925650558;1525
1346;0,22659732540861813;1525
1347;0,22642910170749814;1525
1348;0,22626112759643918;1525
1349;0,22609340252038548;1525
1350;0,22666666666666666;1530
1351;0,22649888971132495;1530
1352;0,22707100591715976;1535
1353;0,2269031781226903;1535
1354;0,22673559822747416;1535
1355;0,22730627306273063;1540
1356;0,22787610619469026;1545
1357;0,22844509948415623;1550
1358;0,22827687776141384;1550
1359;0,22810890360559236;1550
1360;0,22794117647058823;1550
1361;0,22850844966936076;1555
1362;0,22834067547723935;1555
1363;0,22817314746881878;1555
1364;0,2280058651026393;1555
1365;0,22857142857142856;1560
1366;0,22840409956076135;1560
1367;0,2282370153621068;1560
1368;0,22807017543859648;1560
1369;0,2279035792549306;1560
1370;0,22773722627737225;1560
1371;0,2275711159737418;1560
1372;0,22740524781341107;1560
1373;0,22723962126729788;1560
1374;0,22780203784570596;1565
1375;0,22836363636363635;1570
1376;0,22819767441860464;1570
1377;0,2280319535221496;1570
1378;0,22786647314949202;1570
1379;0,22842639593908629;1575
1380;0,22826086956521738;1575
1381;0,2280955829109341;1575
1382;0,22865412445730826;1580
1383;0,2284887924801157;1580
1384;0,22904624277456648;1585
1385;0,22888086642599278;1585
1386;0,2287157287157287;1585
1387;0,22927180966113914;1590
1388;0,22910662824207492;1590
1389;0,22894168466522677;1590
1390;0,22949640287769785;1595
1391;0,2293314162473041;1595
1392;0,22916666666666666;1595
1393;0,2290021536252692;1595
1394;0,22883787661406027;1595
1395;0,22939068100358423;1600
1396;0,22922636103151864;1600
1397;0,2297780959198282;1605
1398;0,2296137339055794;1605
1399;0,22944960686204433;1605
1400;0,2292857142857143;1605
1401;0,2291220556745182;1605
1402;0,2289586305278174;1605
1403;0,22879543834640056;1605
1404;0,22863247863247863;1605
1405;0,22846975088967972;1605
1406;0,2283072546230441;1605
1407;0,2281449893390192;1605
1408;0,22798295454545456;1605
1409;0,22782114975159687;1605
1410;0,2276595744680851;1605
1411;0,22749822820694543;1605
1412;0,2273371104815864;1605
1413;0,22717622080679406;1605
1414;0,22701555869872703;1605
1415;0,22685512367491167;1605
1416;0,2266949152542373;1605
1417;0,22653493295695132;1605
1418;0,22637517630465445;1605
1419;0,226215644820296;1605
1420;0,22605633802816902;1605
1421;0,22660098522167488;1610
1422;0,22644163150492264;1610
1423;0,22628250175685172;1610
1424;0,22612359550561797;1610
1425;0,22596491228070176;1610
1426;0,22580645161290322;1610
1427;0,22564821303433777;1610
1428;0,22549019607843138;1610
1429;0,22533240027991602;1610
1430;0,22517482517482518;1610
1431;0,22501747030048916;1610
1432;0,22486033519553073;1610
1433;0,22470341939986044;1610
1434;0,22524407252440726;1615
1435;0,22508710801393728;1615
1436;0,22493036211699163;1615
1437;0,22477383437717466;1615
1438;0,22461752433936022;1615
1439;0,22446143154968728;1615
1440;0,22430555555555556;1615
1441;0,2241498959056211;1615
1442;0,22399445214979197;1615
1443;0,22453222453222454;1620
1444;0,22437673130193905;1620
1445;0,22422145328719723;1620
1446;0,22406639004149378;1620
1447;0,22391154111955772;1620
1448;0,22375690607734808;1620
1449;0,22429261559696342;1625
1450;0,22413793103448276;1625
1451;0,22398345968297725;1625
1452;0,22451790633608815;1630
1453;0,22436338609772882;1630
1454;0,22420907840440166;1630
1455;0,22474226804123712;1635
1456;0,2245879120879121;1635
1457;0,2244337680164722;1635
1458;0,2242798353909465;1635
1459;0,22481151473612063;1640
1460;0,22465753424657534;1640
1461;0,2245037645448323;1640
1462;0,2243502051983584;1640
1463;0,22419685577580314;1640
1464;0,22404371584699453;1640
1465;0,22389078498293516;1640
1466;0,22442019099590724;1645
1467;0,22426721199727334;1645
1468;0,22411444141689374;1645
1469;0,22396187882913546;1645
1470;0,22448979591836735;1650
1471;0,22433718558803534;1650
1472;0,22418478260869565;1650
1473;0,2240325865580448;1650
1474;0,22388059701492538;1650
1475;0,22372881355932203;1650
1476;0,22357723577235772;1650
1477;0,22342586323628977;1650
1478;0,2232746955345061;1650
1479;0,2231237322515213;1650
1480;0,22364864864864864;1655
1481;0,22417285617825794;1660
1482;0,22402159244264508;1660
1483;0,22387053270397841;1660
1484;0,22371967654986524;1660
1485;0,22356902356902356;1660
1486;0,2234185733512786;1660
1487;0,22326832548755884;1660
1488;0,22379032258064516;1665
1489;0,22364002686366688;1665
1490;0,22348993288590605;1665
1491;0,22334004024144868;1665
1492;0,22319034852546918;1665
1493;0,22304085733422638;1665
1494;0,22289156626506024;1665
1495;0,22274247491638796;1665
1496;0,22259358288770054;1665
1497;0,22244488977955912;1665
1498;0,22229639519359146;1665
1499;0,22214809873248834;1665
1500;0,222;1665
1501;0,22185209860093272;1665
1502;0,22237017310252996;1670
1503;0,22288755821689954;1675
1504;0,22273936170212766;1675
1505;0,22259136212624583;1675
1506;0,22244355909694555;1675
1507;0,22229595222295953;1675
1508;0,22214854111405835;1675
1509;0,22266401590457258;1680
1510;0,22317880794701986;1685
1511;0,22303110522832562;1685
1512;0,22288359788359788;1685
1513;0,22273628552544614;1685
1514;0,22258916776750332;1685
1515;0,22244224422442244;1685
1516;0,22295514511873352;1690
1517;0,2228081740276862;1690
1518;0,22266139657444006;1690
1519;0,22251481237656354;1690
1520;0,22236842105263158;1690
1521;0,2222222222222222;1690
1522;0,22207621550591328;1690
1523;0,22193040052527904;1690
1524;0,22178477690288714;1690
1525;0,2216393442622951;1690
1526;0,2214941022280472;1690
1527;0,22134905042567124;1690
1528;0,2212041884816754;1690
1529;0,22171353826030085;1695
1530;0,22156862745098038;1695
1531;0,22142390594382758;1695
1532;0,2212793733681462;1695
1533;0,22113502935420742;1695
1534;0,22099087353324642;1695
1535;0,22084690553745928;1695
1536;0,220703125;1695
1537;0,22055953155497723;1695
1538;0,22041612483745124;1695
1539;0,2202729044834308;1695
1540;0,22012987012987012;1695
1541;0,2199870214146658;1695
1542;0,2204928664072633;1700
1543;0,220349967595593;1700
1544;0,22020725388601037;1700
1545;0,22006472491909385;1700
1546;0,2205692108667529;1705
1547;0,22042663219133807;1705
1548;0,2202842377260982;1705
1549;0,22014202711426728;1705
1550;0,22064516129032258;1710
1551;0,2205029013539652;1710
1552;0,22036082474226804;1710
1553;0,22086284610431423;1715
1554;0,22072072072072071;1715
1555;0,22057877813504823;1715
1556;0,2210796915167095;1720
1557;0,22093770070648683;1720
1558;0,220795892169448;1720
1559;0,22129570237331622;1725
1560;0,22179487179487178;1730
1561;0,2216527866752082;1730
1562;0,22151088348271447;1730
1563;0,22136916186820219;1730
1564;0,22186700767263426;1735
1565;0,22172523961661342;1735
1566;0,22158365261813537;1735
1567;0,22208040842373963;1740
1568;0,2225765306122449;1745
1569;0,2224346717654557;1745
1570;0,2229299363057325;1750
1571;0,22278803309993633;1750
1572;0,22328244274809161;1755
1573;0,2231404958677686;1755
1574;0,22363405336721728;1760
1575;0,2234920634920635;1760
1576;0,2233502538071066;1760
1577;0,22320862396956245;1760
1578;0,22306717363751585;1760
1579;0,22355921469284357;1765
1580;0,22341772151898734;1765
1581;0,2232764073371284;1765
1582;0,22313527180783818;1765
1583;0,2229943145925458;1765
1584;0,22285353535353536;1765
1585;0,22271293375394322;1765
1586;0,22257250945775536;1765
1587;0,22306238185255198;1770
1588;0,22292191435768263;1770
1589;0,22278162366268092;1770
1590;0,22264150943396227;1770
1591;0,22250157133878065;1770
1592;0,22236180904522612;1770
1593;0,22284996861268047;1775
1594;0,22271016311166875;1775
1595;0,2225705329153605;1775
1596;0,2224310776942356;1775
1597;0,2229179711959925;1780
1598;0,2227784730913642;1780
1599;0,22263914946841776;1780
1600;0,2225;1780
1601;0,22236102435977514;1780
1602;0,2222222222222222;1780
1603;0,22208359326263255;1780
1604;0,22194513715710723;1780
1605;0,22242990654205608;1785
1606;0,22229140722291407;1785
1607;0,22215308027380212;1785
1608;0,22263681592039802;1790
1609;0,22249844623990056;1790
1610;0,22236024844720498;1790
1611;0,2222222222222222;1790
1612;0,2227047146401985;1795
1613;0,22256664600123993;1795
1614;0,2224287484510533;1795
1615;0,22291021671826625;1800
1616;0,22277227722772278;1800
1617;0,22263450834879406;1800
1618;0,22249690976514216;1800
1619;0,22235948116121063;1800
1620;0,2222222222222222;1800
1621;0,22208513263417642;1800
1622;0,2219482120838471;1800
1623;0,22181146025878004;1800
1624;0,22229064039408866;1805
1625;0,22215384615384615;1805
1626;0,2220172201722017;1805
1627;0,22188076213890595;1805
1628;0,22174447174447173;1805
1629;0,22160834868017187;1805
1630;0,2214723926380368;1805
1631;0,22194972409564684;1810
1632;0,22181372549019607;1810
1633;0,22167789344764238;1810
1634;0,22215422276621788;1815
1635;0,22201834862385322;1815
1636;0,22188264058679708;1815
1637;0,2217470983506414;1815
1638;0,2216117216117216;1815
1639;0,22208663819402075;1820
1640;0,22195121951219512;1820
1641;0,22181596587446678;1820
1642;0,2222898903775883;1825
1643;0,22276323797930614;1830
1644;0,22262773722627738;1830
1645;0,22249240121580546;1830
1646;0,2229647630619684;1835
1647;0,222829386763813;1835
1648;0,22269417475728157;1835
1649;0,22255912674348088;1835
1650;0,2224242424242424;1835
1651;0,22289521502119927;1840
1652;0,22276029055690072;1840
1653;0,22323049001814882;1845
1654;0,22309552599758162;1845
1655;0,2229607250755287;1845
1656;0,22282608695652173;1845
1657;0,22269161134580567;1845
1658;0,22255729794933654;1845
1659;0,2224231464737794;1845
1660;0,22228915662650603;1845
1661;0,22275737507525586;1850
1662;0,2226233453670277;1850
1663;0,22248947684906795;1850
1664;0,22235576923076922;1850
1665;0,2222222222222222;1850
1666;0,22208883553421369;1850
1667;0,22195560887822435;1850
1668;0,22182254196642687;1850
1669;0,22228879568603954;1855
1670;0,2221556886227545;1855
1671;0,22262118491921004;1860
1672;0,22248803827751196;1860
1673;0,22235505080693366;1860
1674;0,22281959378733573;1865
1675;0,22268656716417912;1865
1676;0,22255369928400956;1865
1677;0,22242098986285033;1865
1678;0,22228843861740166;1865
1679;0,2221560452650387;1865
1680;0,2220238095238095;1865
1681;0,22189173111243307;1865
1682;0,22175980975029727;1865
1683;0,2222222222222222;1870
1684;0,22209026128266032;1870
1685;0,22195845697329378;1870
1686;0,22241992882562278;1875
1687;0,22228808535862477;1875
1688;0,2221563981042654;1875
1689;0,22202486678507993;1875
1690;0,22189349112426035;1875
1691;0,22176227084565345;1875
1692;0,22163120567375885;1875
1693;0,22209096278795037;1880
1694;0,22195985832349469;1880
1695;0,22182890855457227;1880
1696;0,22228773584905662;1885
1697;0,22215674720094283;1885
1698;0,22202591283863368;1885
1699;0,22189523248969983;1885
1700;0,22176470588235295;1885
1701;0,22163433274544386;1885
1702;0,22150411280846063;1885
1703;0,22196124486200822;1890
1704;0,22183098591549297;1890
1705;0,2217008797653959;1890
1706;0,22157092614302462;1890
1707;0,22144112478031636;1890
1708;0,22131147540983606;1890
1709;0,22176711527208895;1895
1710;0,2216374269005848;1895
1711;0,22150789012273525;1895
1712;0,2213785046728972;1895
1713;0,22124927028604788;1895
1714;0,22112018669778297;1895
1715;0,22099125364431488;1895
1716;0,22086247086247085;1895
1717;0,22073383808969133;1895
1718;0,22118742724097787;1900
1719;0,22164048865619546;1905
1720;0,22151162790697673;1905
1721;0,22138291690877396;1905
1722;0,22125435540069685;1905
1723;0,2217063261752757;1910
1724;0,22157772621809746;1910
1725;0,22144927536231884;1910
1726;0,2213209733487833;1910
1727;0,22119281991893458;1910
1728;0,22106481481481483;1910
1729;0,22093695777906305;1910
1730;0,2208092485549133;1910
1731;0,22068168688619294;1910
1732;0,22055427251732102;1910
1733;0,2204270051933064;1910
1734;0,22029988465974626;1910
1735;0,2201729106628242;1910
1736;0,22004608294930875;1910
1737;0,21991940126655152;1910
1738;0,22036823935558114;1915
1739;0,22024151811385853;1915
1740;0,2206896551724138;1920
1741;0,22113727742676623;1925
1742;0,22101033295063147;1925
1743;0,22088353413654618;1925
1744;0,22075688073394495;1925
1745;0,22063037249283668;1925
1746;0,22050400916380297;1925
1747;0,22037779049799658;1925
1748;0,2208237986270023;1930
1749;0,22069754145225842;1930
1750;0,22114285714285714;1935
1751;0,22101656196459166;1935
1752;0,22146118721461186;1940
1753;0,22133485453508273;1940
1754;0,22120866590649943;1940
1755;0,22108262108262108;1940
1756;0,2215261958997722;1945
1757;0,2214001138303927;1945
1758;0,22127417519908987;1945
1759;0,22171688459351904;1950
1760;0,2215909090909091;1950
1761;0,2220329358319137;1955
1762;0,22190692395005676;1955
1763;0,2217810550198525;1955
1764;0,22165532879818595;1955
1765;0,22152974504249293;1955
1766;0,22140430351075877;1955
1767;0,2212790039615167;1955
1768;0,22171945701357465;1960
1769;0,22159412097230075;1960
1770;0,22203389830508474;1965
1771;0,22190852625635235;1965
1772;0,22178329571106095;1965
1773;0,22165820642978004;1965
1774;0,22209695603156707;1970
1775;0,2219718309859155;1970
1776;0,22184684684684686;1970
1777;0,2217220033764772;1970
1778;0,22215973003374578;1975
1779;0,22203485103991005;1975
1780;0,22191011235955055;1975
1781;0,22178551375631667;1975
1782;0,22166105499438832;1975
1783;0,22153673583847447;1975
1784;0,2219730941704036;1980
1785;0,2218487394957983;1980
1786;0,22228443449048152;1985
1787;0,2221600447677672;1985
1788;0,22203579418344518;1985
1789;0,22247065399664617;1990
1790;0,2223463687150838;1990
1791;0,2222222222222222;1990
1792;0,22265625;1995
1793;0,22253206915783602;1995
1794;0,22240802675585283;1995
1795;0,22284122562674094;2000
1796;0,22271714922049;2000
1797;0,223149693934335;2005
1798;0,2235817575083426;2010
1799;0,22345747637576432;2010
1800;0,22333333333333333;2010
1801;0,2232093281510272;2010
1802;0,22364039955604884;2015
1803;0,223516361619523;2015
1804;0,22339246119733924;2015
1805;0,22326869806094182;2015
1806;0,22314507198228128;2015
1807;0,22302158273381295;2015
1808;0,22289823008849557;2015
1809;0,22332780541735767;2020
1810;0,22320441988950276;2020
1811;0,22308117062396465;2020
1812;0,2229580573951435;2020
1813;0,2228350799779371;2020
1814;0,2227122381477398;2020
1815;0,22258953168044077;2020
1816;0,22246696035242292;2020
1817;0,22234452394056137;2020
1818;0,2222222222222222;2020
1819;0,22210005497526114;2020
1820;0,22197802197802197;2020
1821;0,22185612300933552;2020
1822;0,2217343578485181;2020
1823;0,22161272627537026;2020
1824;0,22149122807017543;2020
1825;0,2219178082191781;2025
1826;0,22179627601314347;2025
1827;0,22167487684729065;2025
1828;0,2215536105032823;2025
1829;0,2214324767632586;2025
1830;0,22131147540983606;2025
1831;0,2217367558711087;2030
1832;0,22161572052401746;2030
1833;0,2214948172394981;2030
1834;0,22137404580152673;2030
1835;0,2212534059945504;2030
1836;0,22113289760348584;2030
1837;0,22101252041371802;2030
1838;0,22143634385201305;2035
1839;0,22131593257205004;2035
1840;0,2217391304347826;2040
1841;0,2216186854970125;2040
1842;0,22204125950054288;2045
1843;0,22192078133478024;2045
1844;0,22234273318872017;2050
1845;0,2222222222222222;2050
1846;0,2221018418201517;2050
1847;0,22198159177043855;2050
1848;0,22186147186147187;2050
1849;0,2222823147647377;2055
1850;0,22216216216216217;2055
1851;0,22204213938411668;2055
1852;0,22192224622030238;2055
1853;0,22180248246087425;2055
1854;0,22168284789644013;2055
1855;0,2215633423180593;2055
1856;0,22144396551724138;2055
1857;0,22132471728594508;2055
1858;0,22120559741657697;2055
1859;0,22162452931683702;2060
1860;0,221505376344086;2060
1861;0,22138635142396562;2060
1862;0,22180451127819548;2065
1863;0,2222222222222222;2070
1864;0,22210300429184548;2070
1865;0,22198391420911529;2070
1866;0,22240085744908897;2075
1867;0,22228173540439208;2075
1868;0,2221627408993576;2075
1869;0,2225789192081327;2080
1870;0,22245989304812835;2080
1871;0,22234099412079103;2080
1872;0,2222222222222222;2080
1873;0,2226374799786439;2085
1874;0,2225186766275347;2085
1875;0,22293333333333334;2090
1876;0,22334754797441364;2095
1877;0,22322855620671284;2095
1878;0,22310969116080936;2095
1879;0,22299095263437999;2095
1880;0,22287234042553192;2095
1881;0,2227538543328017;2095
1882;0,2226354941551541;2095
1883;0,22251725969198088;2095
1884;0,2223991507430998;2095
1885;0,22281167108753316;2100
1886;0,22269353128313893;2100
1887;0,22257551669316375;2100
1888;0,2229872881355932;2105
1889;0,22286924298570673;2105
1890;0,22275132275132276;2105
1891;0,22263352723426758;2105
1892;0,22251585623678646;2105
1893;0,22239830956154252;2105
1894;0,22228088701161564;2105
1895;0,22216358839050132;2105
1896;0,22257383966244726;2110
1897;0,2224565102793885;2110
1898;0,22286617492096944;2115
1899;0,22274881516587677;2115
1900;0,22263157894736843;2115
1901;0,22251446607048922;2115
1902;0,222397476340694;2115
1903;0,22228060956384657;2115
1904;0,22216386554621848;2115
1905;0,2220472440944882;2115
1906;0,22193074501573976;2115
1907;0,22181436811746197;2115
1908;0,22169811320754718;2115
1909;0,2215819800942902;2115
1910;0,22198952879581152;2120
1911;0,22239665096807953;2125
1912;0,22228033472803346;2125
1913;0,2226868792472556;2130
1914;0,2225705329153605;2130
1915;0,22245430809399477;2130
1916;0,22286012526096033;2135
1917;0,22274387063119458;2135
1918;0,22262773722627738;2135
1919;0,22303282959874934;2140
1920;0,22291666666666668;2140
1921;0,22280062467464862;2140
1922;0,222684703433923;2140
1923;0,22256890275611024;2140
1924;0,22245322245322247;2140
1925;0,22233766233766233;2140
1926;0,22274143302180685;2145
1927;0,22262584327970938;2145
1928;0,2225103734439834;2145
1929;0,22291342664593053;2150
1930;0,22279792746113988;2150
1931;0,2226825479026411;2150
1932;0,2225672877846791;2150
1933;0,2224521469218831;2150
1934;0,22233712512926576;2150
1935;0,2227390180878553;2155
1936;0,22262396694214875;2155
1937;0,2225090345895715;2155
1938;0,22239422084623323;2155
1939;0,222279525528623;2155
1940;0,22216494845360824;2155
1941;0,2220504894384338;2155
1942;0,22193614830072092;2155
1943;0,2218219248584663;2155
1944;0,22170781893004116;2155
1945;0,22159383033419022;2155
1946;0,22147995889003083;2155
1947;0,22136620441705188;2155
1948;0,22176591375770022;2160
1949;0,22216521292970753;2165
1950;0,22205128205128205;2165
1951;0,22245002562788313;2170
1952;0,2223360655737705;2170
1953;0,2222222222222222;2170
1954;0,22210849539406347;2170
1955;0,22199488491048594;2170
1956;0,22188139059304704;2170
1957;0,22227899846704138;2175
1958;0,22216547497446373;2175
1959;0,222052067381317;2175
1960;0,22193877551020408;2175
1961;0,22182559918408976;2175
1962;0,2217125382262997;2175
1963;0,2215995924605196;2175
1964;0,2214867617107943;2175
1965;0,22137404580152673;2175
1966;0,22126144455747712;2175
1967;0,22165734621250635;2180
1968;0,22154471544715448;2180
1969;0,22143219908583037;2180
1970;0,2218274111675127;2185
1971;0,2222222222222222;2190
1972;0,22210953346855983;2190
1973;0,22250380131779016;2195
1974;0,22239108409321176;2195
1975;0,22278481012658227;2200
1976;0,22267206477732793;2200
1977;0,22306525037936267;2205
1978;0,22295247724974723;2205
1979;0,2228398180899444;2205
1980;0,22272727272727272;2205
1981;0,2226148409893993;2205
1982;0,22250252270433904;2205
1983;0,22239031770045387;2205
1984;0,22227822580645162;2205
1985;0,2221662468513854;2205
1986;0,22205438066465258;2205
1987;0,22244589833920483;2210
1988;0,22233400402414488;2210
1989;0,2227249874308698;2215
1990;0,22261306532663316;2215
1991;0,22250125565042692;2215
1992;0,22238955823293172;2215
1993;0,2227797290516809;2220
1994;0,2226680040120361;2220
1995;0,22255639097744362;2220
1996;0,22244488977955912;2220
1997;0,22233350025037557;2220
1998;0,2222222222222222;2220
1999;0,2221110555277639;2220
2000;0,222;2220
2001;0,22188905547226387;2220
2002;0,2217782217782218;2220
2003;0,2216674987518722;2220
2004;0,2220558882235529;2225
2005;0,22194513715710723;2225
2006;0,2218344965104686;2225
2007;0,22172396611858494;2225
2008;0,22161354581673307;2225
2009;0,22150323544051767;2225
2010;0,22139303482587064;2225
2011;0,22128294380905023;2225
2012;0,22117296222664015;2225
2013;0,22106308991554893;2225
2014;0,22095332671300894;2225
2015;0,22084367245657568;2225
2016;0,22123015873015872;2230
2017;0,2211204759543877;2230
2018;0,22150644202180378;2235
2019;0,2213967310549777;2235
2020;0,22178217821782178;2240
2021;0,22216724393864423;2245
2022;0,22205736894164194;2245
2023;0,22194760257043994;2245
2024;0,22183794466403162;2245
2025;0,2217283950617284;2245
2026;0,22161895360315895;2245
2027;0,2215096201282684;2245
2028;0,22140039447731755;2245
2029;0,22178413011335632;2250
2030;0,22167487684729065;2250
2031;0,22156573116691286;2250
2032;0,2219488188976378;2255
2033;0,2218396458435809;2255
2034;0,22173058013765978;2255
2035;0,22162162162162163;2255
2036;0,22151277013752455;2255
2037;0,22140402552773686;2255
2038;0,22129538763493622;2255
2039;0,22118685630210888;2255
2040;0,221078431372549;2255
2041;0,22097011268985792;2255
2042;0,22086190009794318;2255
2043;0,22075379344101811;2255
2044;0,22064579256360078;2255
2045;0,22053789731051346;2255
2046;0,22043010752688172;2255
2047;0,22081094284318514;2260
2048;0,22119140625;2265
2049;0,22108345534407028;2265
2050;0,22097560975609756;2265
2051;0,2213554363725012;2270
2052;0,22173489278752437;2275
2053;0,22162688748173404;2275
2054;0,22151898734177214;2275
2055;0,22141119221411193;2275
2056;0,22130350194552528;2275
2057;0,22119591638308217;2275
2058;0,22108843537414966;2275
2059;0,22098105876639146;2275
2060;0,22135922330097088;2280
2061;0,22125181950509462;2280
2062;0,22114451988360814;2280
2063;0,22103732428502182;2280
2064;0,22093023255813954;2280
2065;0,22130750605326877;2285
2066;0,22120038722168442;2285
2067;0,22109337203676827;2285
2068;0,22098646034816247;2285
2069;0,2208796520057999;2285
2070;0,22077294685990337;2285
2071;0,22114920328343796;2290
2072;0,22104247104247104;2290
2073;0,220935841775205;2290
2074;0,22082931533269046;2290
2075;0,22120481927710844;2295
2076;0,22157996146435452;2300
2077;0,22147327876745307;2300
2078;0,22136669874879691;2300
2079;0,22126022126022127;2300
2080;0,22115384615384615;2300
2081;0,22152811148486304;2305
2082;0,22142170989433238;2305
2083;0,22131541046567452;2305
2084;0,22120921305182342;2305
2085;0,2211031175059952;2305
2086;0,22099712368168745;2305
2087;0,22137038811691423;2310
2088;0,22126436781609196;2310
2089;0,2211584490186692;2310
2090;0,22105263157894736;2310
2091;0,22094691535150646;2310
2092;0,2208413001912046;2310
2093;0,22073578595317725;2310
2094;0,22063037249283668;2310
2095;0,22052505966587113;2310
2096;0,22041984732824427;2310
2097;0,22031473533619456;2310
2098;0,2202097235462345;2310
2099;0,22010481181515007;2310
2100;0,22;2310
2101;0,22037125178486436;2315
2102;0,22026641294005708;2315
2103;0,2201616737993343;2315
2104;0,22005703422053233;2315
2105;0,22042755344418052;2320
2106;0,2207977207977208;2325
2107;0,22069292833412435;2325
2108;0,22058823529411764;2325
2109;0,22095779990516834;2330
2110;0,22085308056872038;2330
2111;0,2207484604452866;2330
2112;0,2206439393939394;2330
2113;0,220539517274018;2330
2114;0,22043519394512773;2330
2115;0,2203309692671395;2330
2116;0,22069943289224953;2335
2117;0,22059518186112423;2335
2118;0,22049102927289896;2335
2119;0,22038697498820198;2335
2120;0,22028301886792453;2335
2121;0,22017916077322017;2335
2122;0,22007540056550423;2335
2123;0,21997173810645312;2335
2124;0,21986817325800376;2335
2125;0,21976470588235295;2335
2126;0,22013170272812793;2340
2127;0,22002820874471085;2340
2128;0,2199248120300752;2340
2129;0,21982151244715828;2340
2130;0,21971830985915494;2340
2131;0,21961520412951666;2340
2132;0,21951219512195122;2340
2133;0,21940928270042195;2340
2134;0,21930646672914714;2340
2135;0,21920374707259954;2340
2136;0,21956928838951312;2345
2137;0,21993448759943846;2350
2138;0,21983161833489243;2350
2139;0,21972884525479197;2350
2140;0,21962616822429906;2350
2141;0,21952358710882766;2350
2142;0,21942110177404295;2350
2143;0,21931871208586096;2350
2144;0,2196828358208955;2355
2145;0,21958041958041957;2355
2146;0,21994408201304752;2360
2147;0,21984163949697252;2360
2148;0,2202048417132216;2365
2149;0,22056770590972546;2370
2150;0,22046511627906976;2370
2151;0,22082752208275222;2375
2152;0,22072490706319703;2375
2153;0,22108685555039478;2380
2154;0,22098421541318478;2380
2155;0,2208816705336427;2380
2156;0,22077922077922077;2380
2157;0,22067686601761707;2380
2158;0,2205746061167748;2380
2159;0,22093561834182493;2385
2160;0,22083333333333333;2385
2161;0,22073114298935678;2385
2162;0,2206290471785384;2385
2163;0,22052704576976423;2385
2164;0,22042513863216265;2385
2165;0,22032332563510393;2385
2166;0,22022160664819945;2385
2167;0,22011998154130133;2385
2168;0,22001845018450183;2385
2169;0,21991701244813278;2385
2170;0,21981566820276496;2385
2171;0,21971441731920774;2385
2172;0,21961325966850828;2385
2173;0,21997238840312933;2390
2174;0,21987120515179392;2390
2175;0,21977011494252874;2390
2176;0,21966911764705882;2390
2177;0,21956821313734498;2390
2178;0,2199265381083563;2395
2179;0,21982560807709958;2395
2180;0,21972477064220183;2395
2181;0,21962402567629527;2395
2182;0,21952337305224565;2395
2183;0,21942281264315164;2395
2184;0,21932234432234432;2395
2185;0,21967963386727687;2400
2186;0,21957913998170173;2400
2187;0,2194787379972565;2400
2188;0,21937842778793418;2400
2189;0,2197350388305162;2405
2190;0,21963470319634704;2405
2191;0,21953445915107256;2405
2192;0,21943430656934307;2405
2193;0,2193342453260374;2405
2194;0,21923427529626252;2405
